,n_trades,sharperatio,max_drawdown,roi,currency1,currency2,ratio,correlation
0,46,6.147754785912855,7.68,262.66,ONT/USDT,XEM/USDT,5.411158473406742,0.7897228245028012
0,46,6.147754785912855,7.68,262.66,ONT/USDT,XEM/USDT,5.411158473406742,0.7897228245028012
0,46,5.62921020271155,13.23,297.91,1INCH/USDT,LINA/USDT,67.86238699637076,0.6096078200559545
0,35,5.108289531697669,12.66,256.1,TOMO/USDT,ZEN/USDT,0.0298319995175481,0.6834658244519514
0,44,5.041032954490266,28.85,374.93,AUDIO/USDT,TRU/USDT,4.561715384951012,0.558025851087665
0,35,4.726852513021612,16.61,287.75,COMP/USDT,XVS/USDT,12.303399630874836,0.6023175471580663
0,43,4.698664122740134,9.85,218.46,1INCH/USDT,DOT/USDT,0.090543107001984,0.6711267543187459
0,33,4.694602221963691,13.92,294.12,CELO/USDT,ICX/USDT,3.1492593121379224,0.6216772545343154
0,39,4.692811824845971,17.21,297.43,ATA/USDT,TRU/USDT,2.095803396583701,0.5653783562641527
0,39,4.5260734512248,9.55,246.28,DENT/USDT,HBAR/USDT,0.0141957381220482,0.7084634660191027
0,47,4.494669390584477,45.27,295.75,BLZ/USDT,EGLD/USDT,0.0010029321516924,0.5884665745835997
0,39,4.462128000682666,13.91,309.58,CKB/USDT,CRV/USDT,0.0048947151415762,0.5714979945889678
0,35,4.326800479024353,12.14,200.35,GRT/USDT,KSM/USDT,0.0023427382774965,0.7216848581941049
0,39,4.320285866080756,11.51,324.16,ALICE/USDT,CKB/USDT,624.2037001292294,0.5482534233995011
0,37,4.296911233018974,14.44,345.77,ICX/USDT,TRU/USDT,3.8203058035474338,0.5550273682305821
0,38,4.241991422821809,15.24,324.47,REN/USDT,TRU/USDT,1.808110427063184,0.5639844655311725
0,36,4.179963896810589,16.16,286.77,BAKE/USDT,REN/USDT,2.026266735907729,0.6513030512077472
0,35,4.070085705138938,20.76,318.76,AR/USDT,GTC/USDT,4.939324029970914,0.5117579496836486
0,36,4.051721686206656,17.67,242.08,TOMO/USDT,UMA/USDT,0.199051168111464,0.586057016626251
0,40,3.9597723249497596,9.29,170.13,1INCH/USDT,VET/USDT,28.16986194944158,0.6848648987755926
0,39,3.8572622331930364,22.85,293.28,LINA/USDT,TRU/USDT,0.1065248594108093,0.6061132748908362
0,40,3.8537400413624354,16.85,268.4,BTS/USDT,NKN/USDT,0.104181547426761,0.5887920205703195
0,40,3.8238976882090374,21.17,281.19,BTS/USDT,UMA/USDT,0.0038102184352558,0.564610117478549
0,41,3.8208049437698715,21.01,250.21,1INCH/USDT,HOT/USDT,319.4577774414836,0.5901204124686679
0,37,3.715227427069276,26.83,328.83,DOT/USDT,UMA/USDT,2.958393662986208,0.6193862233075955
0,35,3.654921876535505,17.74,281.67,ATA/USDT,LINA/USDT,19.23750304809445,0.7389171469093092
0,37,3.636056746683834,20.15,204.36,SC/USDT,TOMO/USDT,0.0076706435858315,0.7220644865908671
0,42,3.6295430094580254,13.54,239.82,OXT/USDT,SC/USDT,23.464175809695814,0.671169729755234
0,34,3.569465221325652,12.72,171.96,BTS/USDT,DGB/USDT,0.9586907179708156,0.696338676235135
0,38,3.5470652001942096,21.72,260.01,SC/USDT,UMA/USDT,0.0015342148879145,0.5924650613652237
0,39,3.5370767448744065,37.92,287.35,SFP/USDT,THETA/USDT,0.2603007710859422,0.5291289371974133
0,30,3.4902813091277727,27.25,232.86,ANT/USDT,ATOM/USDT,0.185233713941564,0.5332015736745961
0,39,3.4730133969550767,10.72,191.4,ONT/USDT,OXT/USDT,2.130373801598971,0.6710859522878765
0,36,3.4582245862068315,25.7,199.65,FLOW/USDT,ICP/USDT,0.3248973058854224,0.6584204179494343
0,37,3.457248425719571,26.94,234.36,AUDIO/USDT,LINA/USDT,41.96061211486965,0.6923874533724934
0,37,3.448640281491601,24.15,236.82,DGB/USDT,UMA/USDT,0.0039419454062139,0.6137999603276736
0,41,3.447177239242353,17.68,215.61,EOS/USDT,SNX/USDT,0.4619554309564597,0.6672198081760168
0,35,3.4229985078817617,17.32,270.67,ATA/USDT,HOT/USDT,90.08729752196348,0.6368557826938718
0,34,3.402729559756319,15.65,167.9,MINA/USDT,SC/USDT,228.39684020688517,0.6200108798830725
0,39,3.401049890960341,26.3,201.1,BTS/USDT,XTZ/USDT,0.0076272070150839,0.6208546694635542
0,37,3.3950552019040368,19.89,245.33,AR/USDT,OXT/USDT,128.276651287101,0.5610511692026937
0,34,3.394725374359722,15.53,236.51,REN/USDT,XVG/USDT,36.33762785204053,0.6367740405559713
0,40,3.3696732047296885,23.63,283.85,AR/USDT,STORJ/USDT,30.392302116171543,0.5692930408898916
0,38,3.3615694489909385,9.71,162.69,BTS/USDT,VET/USDT,0.3996873044158264,0.717082459299602
0,37,3.350640006945485,27.83,264.27,AXS/USDT,TRU/USDT,232.80106027745995,0.5572452252652162
0,38,3.329085447218058,31.66,233.4,TRU/USDT,XVG/USDT,19.94385382201124,0.6161828035386816
0,37,3.2933720423427406,24.61,245.16,CELR/USDT,REN/USDT,0.1291561488478617,0.6515630422821823
0,32,3.284014012399218,19.71,183.59,CELO/USDT,SXP/USDT,2.330400033171407,0.6459136559540423
0,41,3.2822613057573538,26.4,365.24,KEY/USDT,STORJ/USDT,0.0071083148700571,0.565358341352338
0,38,3.275174557970597,30.53,181.8,NEO/USDT,OXT/USDT,91.00039662310252,0.668597256895754
0,29,3.232805314852015,18.74,198.44,IOTA/USDT,UMA/USDT,0.1119461065926206,0.5615195579084943
0,39,3.2317354026870277,21.19,241.77,AR/USDT,THETA/USDT,9.430009641126446,0.5791996329248139
0,41,3.221075359336939,20.09,174.25,DOT/USDT,HOT/USDT,3507.9581028449147,0.7374696062077754
0,42,3.2109820795367687,31.18,175.92,IOST/USDT,ZRX/USDT,0.0448720166353648,0.6806056471173546
0,36,3.207830236642674,19.41,197.55,AUDIO/USDT,ICX/USDT,1.1780619607186658,0.6596298151536847
0,34,3.1949185438949215,24.68,138.01,HBAR/USDT,MINA/USDT,0.0830697568561477,0.6357811251897784
0,31,3.1930996724646206,21.72,236.37,CKB/USDT,STX/USDT,0.0102165611848379,0.5448602591389388
0,38,3.1335940933598594,12.98,185.54,IOST/USDT,SNX/USDT,0.0052277056379643,0.6717059047210541
0,39,3.1217566477943417,57.51,307.91,ARPA/USDT,BLZ/USDT,0.4486157803393149,0.5922993592392076
0,37,3.0918821336899605,26.53,211.17,BAND/USDT,DENT/USDT,1497.0915045766978,0.6538256333487041
0,31,3.064028938104145,15.99,140.59,AUDIO/USDT,THETA/USDT,0.3340091057517369,0.7157650715752042
0,33,3.0446552343724695,14.44,182.65,AUDIO/USDT,KSM/USDT,0.0059997083246763,0.6977312631170508
0,31,3.041655031345777,14.17,196.13,AR/USDT,HBAR/USDT,157.60005118407088,0.6198900303806663
0,40,2.9587600542330432,30.76,192.62,1INCH/USDT,ZEN/USDT,0.0401506281182389,0.637306099335974
0,39,2.9504561220598835,28.03,171.61,DGB/USDT,HOT/USDT,4.697497482592859,0.7898153308741916
0,41,2.950449034660119,13.77,159.52,KSM/USDT,XVG/USDT,15334.485704885885,0.6735465739566548
0,37,2.9379580096460822,25.31,213.4,BLZ/USDT,MKR/USDT,9.262425147195272e-05,0.5373212880343599
0,41,2.921567306716472,17.01,247.51,AR/USDT,CKB/USDT,2605.972916857775,0.5469090563824033
0,31,2.9171766177163576,24.52,257.47,CHR/USDT,LPT/USDT,0.018504496589351,0.524683476345352
0,35,2.9105538079282747,17.64,161.8,DENT/USDT,THETA/USDT,0.0008593043593089,0.7551856508823246
0,42,2.8976347261515194,18.3,157.68,IOST/USDT,XTZ/USDT,0.0082781324433153,0.649045047370565
0,37,2.866729554934551,17.59,174.1,DENT/USDT,ZEN/USDT,6.35149090296173e-05,0.7263859001318062
0,33,2.8661875139090833,32.11,215.21,ICX/USDT,REN/USDT,2.0858133403206907,0.6635381124089692
0,33,2.863315953772916,17.71,180.17,INJ/USDT,THETA/USDT,1.7485595850354652,0.6438648290403206
0,36,2.791230141347198,20.92,265.78,BAKE/USDT,BAND/USDT,0.2064094498170074,0.6007782946506919
0,36,2.7868469966001297,16.7,142.86,BTS/USDT,EOS/USDT,0.0103739036850426,0.649285688989532
0,39,2.7709251694063655,12.59,131.95,DOT/USDT,SC/USDT,1906.0615630968605,0.7465988672418594
0,31,2.761602057504746,13.13,204.93,AR/USDT,ZEN/USDT,0.7000224195653342,0.6081152047226498
0,32,2.7277458941829034,23.09,211.53,AR/USDT,EGLD/USDT,0.2008032947516315,0.5552866672064465
0,40,2.695345171327025,20.36,166.7,GRT/USDT,INJ/USDT,0.0741208968790536,0.6113863507082777
0,37,2.6890288114292007,38.47,257.02,ENJ/USDT,LPT/USDT,0.0635590459407212,0.5551822217086717
0,37,2.681634824498205,28.36,183.75,STMX/USDT,XTZ/USDT,0.0049860103710261,0.6436738905169147
0,36,2.6529545843357574,24.56,178.2,GRT/USDT,XVG/USDT,36.13065728705247,0.680848781451451
0,26,2.6476116666587246,27.22,168.98,DGB/USDT,XVS/USDT,0.0019965635139357,0.64022253063404
0,37,2.6430486467736247,29.15,315.6,DGB/USDT,IOTX/USDT,0.3470105888648511,0.5152669975045078
0,38,2.6138939198901983,44.46,199.61,COMP/USDT,LINA/USDT,6071.310267501638,0.6950814252038497
0,36,2.5712021138564247,26.11,116.44,DOT/USDT,THETA/USDT,5.9362333841202,0.7789508439410504
0,34,2.564806744289645,25.22,225.6,COMP/USDT,TRU/USDT,662.6201007092392,0.6310536480899922
0,34,2.5438489177046173,25.84,163.47,HOT/USDT,ZEN/USDT,0.0001249060282288,0.7163477118204602
0,33,2.5287754824785926,26.97,166.55,EGLD/USDT,OXT/USDT,623.5544041823728,0.5286254162553936
0,36,2.513708394023818,36.35,235.15,DGB/USDT,TRU/USDT,0.1071636146519104,0.6057517186649819
0,37,2.4622289640359667,37.16,211.72,CRV/USDT,STX/USDT,2.0286412928068054,0.5834429577742765
0,40,2.4268746392210803,13.74,126.12,ONT/USDT,XTZ/USDT,0.1570481884211739,0.712834031754412
0,34,2.414962781871322,23.42,150.63,BTS/USDT,DOT/USDT,0.0012755501319346,0.7101929542867117
0,43,2.391099985607109,39.67,234.5,FLM/USDT,NKN/USDT,1.130622328344443,0.553585427037328
0,34,2.3891093714453784,34.73,195.41,COTI/USDT,THETA/USDT,0.0744948155628149,0.6676655032523721
0,31,2.369354703557481,33.85,224.22,HOT/USDT,INJ/USDT,0.0009485932078849,0.5852121043164125
0,35,2.368571838851818,24.34,209.03,ALICE/USDT,AR/USDT,0.2339698399084105,0.5542394351489482
0,29,2.366444889213245,27.5,181.27,NKN/USDT,TOMO/USDT,0.1795204639475671,0.5839776489519378
0,36,2.329938873985985,24.18,172.6,LINA/USDT,XVG/USDT,2.178406058491029,0.7028227541803561
0,30,2.312890239359367,36.66,166.21,ATA/USDT,REEF/USDT,39.7900664470894,0.6438897386878233
0,34,2.3116407128023746,34.34,180.13,SKL/USDT,TRU/USDT,0.6827805374248814,0.620197750713125
0,30,2.2880367551483585,31.64,173.89,1INCH/USDT,UMA/USDT,0.2684641783172174,0.5196339406078527
0,30,2.26577121107455,12.92,119.49,TOMO/USDT,XVG/USDT,110.063642697239,0.6553543753314769
0,35,2.2583073075754125,17.89,114.65,DOT/USDT,IOTA/USDT,25.79276369051955,0.7157529081902941
0,34,2.251806953968833,28.12,188.13,INJ/USDT,MINA/USDT,2.422415297386747,0.526688207399602
0,37,2.2401607217509065,40.85,199.89,BTS/USDT,SNX/USDT,0.0047877947922126,0.6145943479753679
0,36,2.235836899754491,21.27,191.09,AR/USDT,MINA/USDT,13.116411244595554,0.5441668022624983
0,34,2.229172386469878,18.55,227.1,BAND/USDT,INJ/USDT,0.7327916600387419,0.586575684116988
0,35,2.2093440667528337,27.77,202.71,ENJ/USDT,STX/USDT,1.2205545333281953,0.6315705167317465
0,35,2.1889982759869278,37.03,150.7,DGB/USDT,VET/USDT,0.4151080057742633,0.7979146687208734
0,35,2.158524685603832,37.59,190.87,ANKR/USDT,LPT/USDT,0.002883680124383,0.548600795448773
0,38,2.156465330164365,37.71,195.93,HBAR/USDT,STX/USDT,0.167989947821323,0.6674008645861988
0,37,2.1448949240423327,31.43,190.43,BAND/USDT,STX/USDT,3.553630162557214,0.5566722255502968
0,37,2.1446763824408057,17.27,144.67,LINA/USDT,SOL/USDT,0.0002568243736831,0.645667448302726
0,32,2.1380740243458876,17.12,134.62,AR/USDT,SC/USDT,3045.570761974056,0.6235701954223538
0,37,2.131596605244839,30.07,140.83,ALPHA/USDT,ICX/USDT,0.5189198839325735,0.7123735526497083
0,32,2.099940878125874,23.33,173.55,ICP/USDT,REN/USDT,50.67056579866267,0.6353010816812795
0,36,2.098943316052285,28.13,141.7,1INCH/USDT,EGLD/USDT,0.0114090905352579,0.5351028557723431
0,39,2.0878742052098316,17.63,120.57,AAVE/USDT,EOS/USDT,68.31288621255048,0.7262180254476056
0,29,2.0854482619759462,23.83,134.87,AAVE/USDT,STMX/USDT,9959.328421018125,0.667785574431077
0,38,2.066695242858127,18.74,81.33,BCH/USDT,DASH/USDT,2.995316788638056,0.82586554221448
0,37,2.063926566801423,29.31,119.16,AAVE/USDT,XTZ/USDT,50.22156260137066,0.6703756546377491
0,36,2.039959202796049,24.56,121.81,BAL/USDT,THETA/USDT,3.9248057930002087,0.6782909391483214
0,34,2.030316023211726,33.82,158.94,LINA/USDT,MINA/USDT,0.0109086651495695,0.6342778271263656
0,34,1.9853103944751893,21.17,125.14,EGLD/USDT,SC/USDT,14802.219197433376,0.6033099627322628
0,33,1.9718007237018156,34.39,150.22,SNX/USDT,STMX/USDT,311.0549464695862,0.6169349363563451
0,36,1.9621050685021293,42.81,145.8,DENT/USDT,SC/USDT,0.275073551141878,0.7436835079300363
0,35,1.9481757213924538,32.81,129.81,XTZ/USDT,ZRX/USDT,5.360593557002543,0.6691835024602427
0,40,1.9331441804793408,23.4,100.84,STMX/USDT,ZRX/USDT,0.02735127144999,0.7485084039090414
0,32,1.9204044751291376,22.14,152.51,AR/USDT,DENT/USDT,10908.522408333887,0.6201484653869004
0,34,1.8942867873832694,23.72,129.28,LINA/USDT,ZEN/USDT,0.0005878445698591,0.7230505205285656
0,32,1.8898143074152964,37.9,225.12,FLOW/USDT,TRU/USDT,30.414548933163275,0.5846256623389825
0,36,1.8706144610529536,35.35,136.48,AAVE/USDT,SNX/USDT,31.752115945096804,0.7462812857223996
0,32,1.8319116794781736,23.67,185.89,CHR/USDT,STORJ/USDT,0.3943771547986732,0.5695280982170136
0,30,1.8155926475057005,53.85,175.89,ANT/USDT,MATIC/USDT,3.089586418492704,0.5606536594434071
0,31,1.8087565372473868,19.87,136.02,AUDIO/USDT,XVG/USDT,92.44404687326298,0.6463794046138047
0,31,1.7931369566100508,23.02,119.44,ALGO/USDT,AR/USDT,0.0294071557719922,0.6230089916241497
0,30,1.7827191363078552,21.49,132.64,FLOW/USDT,REN/USDT,16.5145736909148,0.64538297953066
0,36,1.778633183534997,24.82,118.22,CVC/USDT,XEM/USDT,2.7994952201461114,0.5871992450251045
0,28,1.7749683624384003,17.59,130.91,AR/USDT,IOTA/USDT,41.4794709043624,0.5630042161202942
0,41,1.767744835060515,24.95,126.23,SC/USDT,THETA/USDT,0.0030805496841767,0.7378775618173992
0,34,1.7301502350680624,58.73,171.28,BAKE/USDT,CKB/USDT,71.58847625326675,0.5503230615985322
0,32,1.722943583688148,17.97,82.95,BAL/USDT,DASH/USDT,0.1242301208436927,0.7167124087671025
0,36,1.721121709151043,17.3,111.31,QTUM/USDT,STMX/USDT,420.5464550104863,0.6984058387938398
0,32,1.7045647535976856,37.43,138.26,CRV/USDT,YFI/USDT,0.0001191073413508,0.6406310179523549
0,38,1.6894049855683273,36.67,128.05,COTI/USDT,OXT/USDT,1.0063939505264752,0.5951525784921946
0,38,1.6742181446998259,28.86,75.64,EOS/USDT,QTUM/USDT,0.3427985261467031,0.8004589733946623
0,33,1.6591125707323844,25.3,105.61,XEM/USDT,XTZ/USDT,0.0290066971371228,0.6687277066073664
0,31,1.6484414041098323,33.89,112.38,COMP/USDT,INJ/USDT,27.570599217807885,0.629481981905498
0,30,1.6384616852819571,49.01,116.86,MINA/USDT,TOMO/USDT,1.7517979824477616,0.5374035449884975
0,37,1.6374960693100857,41.05,125.57,COTI/USDT,DOT/USDT,0.0125051411240523,0.7015053834004514
0,36,1.6277109847806426,59.72,186.31,IOTA/USDT,IOTX/USDT,10.030290177499552,0.5263488987192516
0,33,1.6187101032876243,28.83,108.44,CTK/USDT,XLM/USDT,6.321731014118469,0.5973861642292047
0,34,1.5751467559662053,25.68,89.73,THETA/USDT,ZEN/USDT,0.0740875676534272,0.7397387000287767
0,28,1.556970906663572,46.53,153.32,AR/USDT,COTI/USDT,123.18289666984565,0.5783466744040687
0,36,1.5501239271888063,29.73,121.56,ICX/USDT,SKL/USDT,5.512690948481071,0.6872426518195297
0,35,1.5361474646950042,76.72,188.26,DOT/USDT,GTC/USDT,3.0263439485750623,0.5413113837030253
0,34,1.531651129383959,35.53,107.04,ATA/USDT,OMG/USDT,0.0880591543349934,0.697863803379477
0,30,1.475208504970075,37.15,99.28,COTI/USDT,DGB/USDT,9.194501804523671,0.6675647322055539
0,30,1.4672069616150936,38.83,115.05,KSM/USDT,RSR/USDT,9511.621177134284,0.6376714123761115
0,31,1.4603459387813598,29.23,127.14,AR/USDT,ENJ/USDT,21.49710039994536,0.6075158769665541
0,34,1.3894946631342142,30.51,109.8,1INCH/USDT,RSR/USDT,91.94186242861092,0.5587087020100242
0,37,1.3830181777877766,49.68,124.25,1INCH/USDT,DENT/USDT,626.2568137293557,0.6060434488701719
0,33,1.3668828345520447,34.0,94.15,LINK/USDT,RVN/USDT,242.15689469825895,0.6685369028257854
0,33,1.3511522012941737,26.37,83.16,IOST/USDT,STMX/USDT,1.6404000815612154,0.7319133625495763
0,34,1.324777218140933,39.33,100.67,ALPHA/USDT,SUSHI/USDT,0.0960464404326934,0.6976157815561057
0,22,1.3234796311301171,46.35,153.12,CHR/USDT,CRV/USDT,0.1681357869492411,0.5722390119396994
0,28,1.321044186529153,31.9,115.45,ATA/USDT,RSR/USDT,26.25117691863664,0.6150570940986422
0,34,1.3139445931698288,47.61,145.82,TRB/USDT,UNI/USDT,2.250589099672432,0.5657174621127726
0,30,1.3116410764567283,29.66,80.05,DGB/USDT,TOMO/USDT,0.0197368165875778,0.6895907317577601
0,30,1.2766805465465014,47.16,95.78,CELO/USDT,SKL/USDT,17.533973521313445,0.6155484115735087
0,34,1.2666099366937693,54.75,115.81,1INCH/USDT,BTS/USDT,69.50087041535582,0.572984582624796
0,30,1.259731468280974,36.14,91.24,COTI/USDT,VET/USDT,3.86965212883832,0.7342929760044133
0,36,1.2398192776291397,26.88,67.45,ADA/USDT,ONT/USDT,2.0308413875261966,0.7710753576636714
0,35,1.231531628219445,26.84,82.81,AAVE/USDT,BTS/USDT,6527.1806765858,0.6816315951211209
0,34,1.2151480007457012,63.33,150.9,AXS/USDT,C98/USDT,32.83527287049685,0.6759636821241214
0,25,1.210923201908668,28.8,106.55,AUDIO/USDT,INJ/USDT,0.1893552752706891,0.5932227817840924
0,29,1.2100305587532703,44.85,97.76,1INCH/USDT,THETA/USDT,0.540276187978155,0.6296810611616259
0,32,1.2065573594851433,85.52,146.77,BTS/USDT,LPT/USDT,0.0010698862680261,0.5319741466066151
0,25,1.1884461394027497,28.07,73.44,INJ/USDT,XVG/USDT,483.4204708224958,0.603377740157486
0,32,1.1436985791835415,35.13,86.83,1INCH/USDT,SC/USDT,173.334062461321,0.6127785656913441
0,34,1.1421537754264215,23.76,57.21,BTC/USDT,MKR/USDT,21.14442292422389,0.725603817457902
0,37,1.1336312885061444,64.48,95.21,BAL/USDT,TOMO/USDT,9.670547463225557,0.64754600114768
0,32,1.1252732478884007,76.87,116.88,SKL/USDT,SNX/USDT,0.030857767158225,0.6409555373302699
0,37,1.0959080549336222,32.44,98.86,CELR/USDT,OMG/USDT,0.0100607122870368,0.605420750219975
0,37,1.075257769198464,74.43,105.75,COMP/USDT,RSR/USDT,8288.780019223195,0.6558359442940025
0,38,1.0736511574377214,101.96,158.21,AXS/USDT,GRT/USDT,131.27056557021103,0.6793575482300549
0,35,1.0621139674598776,44.52,75.71,EGLD/USDT,SOL/USDT,1.5069017940441998,0.617143417741303
0,38,1.0226058459611669,79.68,120.93,COTI/USDT,UMA/USDT,0.0368821254552935,0.5424516675977851
0,34,1.0173326894323838,40.41,64.06,DASH/USDT,DOGE/USDT,738.5692437665444,0.6330125434552377
0,31,0.9357752767432693,30.98,76.47,HOT/USDT,TOMO/USDT,0.0041711041734601,0.655940107148251
0,31,0.9151782091438566,55.59,72.0,COMP/USDT,DENT/USDT,56161.33598348399,0.7405801196204742
0,32,0.9017058657195104,73.33,111.2,CELR/USDT,CKB/USDT,4.53781890165814,0.5379034077400615
0,32,0.8952668544483886,49.4,68.02,ONT/USDT,YFI/USDT,2.6791011271792976e-05,0.6862181373151772
0,32,0.8795469517362245,49.91,70.48,AR/USDT,RSR/USDT,1601.0519478358287,0.5570020447007225
0,28,0.8404197463722812,27.89,59.24,BAL/USDT,OXT/USDT,53.16412531324398,0.5942882152455857
0,35,0.8396339570768415,53.75,79.63,CHZ/USDT,XTZ/USDT,0.0671098916847374,0.5789012262563564
0,34,0.8194306328669292,50.44,62.5,DENT/USDT,TOMO/USDT,0.0021246356992972,0.7324750518189299
0,30,0.8181078425669284,64.45,73.06,ALGO/USDT,RSR/USDT,48.12157553759176,0.6067057849066957
0,31,0.8100971918255623,46.16,91.05,MINA/USDT,REEF/USDT,181.7383200573451,0.5682491427054827
0,31,0.7894453787828266,80.72,86.39,COTI/USDT,SC/USDT,23.932456407335756,0.6706447045944761
0,31,0.7728372566782659,38.27,49.4,CTSI/USDT,SOL/USDT,0.0041817507915446,0.6502614319075365
0,28,0.7704204710137715,69.85,78.42,1INCH/USDT,TOMO/USDT,1.3388641596192004,0.587863831466764
0,29,0.7518938878267053,59.28,52.83,DOGE/USDT,LINK/USDT,0.0089938746634918,0.6306173597906976
0,36,0.736688494733054,39.58,57.07,AAVE/USDT,CVC/USDT,606.7559059315118,0.543299751180863
0,37,0.729333176023723,108.9,101.73,CHR/USDT,STMX/USDT,22.363472448135997,0.5947630841888618
0,30,0.7242220874038585,35.49,37.93,ALGO/USDT,KSM/USDT,0.0050365107226145,0.6783271632399417
0,34,0.6117709228696391,62.15,75.62,KAVA/USDT,ZEC/USDT,0.0287710105342646,0.6240829513540678
0,34,0.44915096431801366,80.81,45.88,COTI/USDT,NEO/USDT,0.0107922800979911,0.7215204336716673
0,37,0.4430673183520303,39.29,35.15,SOL/USDT,TOMO/USDT,74.75786935213904,0.6217674236232515
0,27,0.35934121812104214,58.94,48.61,FLM/USDT,REEF/USDT,21.552106225155825,0.5796448786666138
0,27,0.34771905881949844,63.83,24.86,BAL/USDT,LINK/USDT,0.8455978679132978,0.7329919327267518
0,33,0.30635943657890735,42.41,21.21,AAVE/USDT,XLM/USDT,839.7679630398653,0.7355141143192993
0,29,0.11873666614255352,51.62,9.3,DOT/USDT,TOMO/USDT,14.668693060478208,0.69681419924434
0,28,0.05067837742601787,51.01,4.27,QTUM/USDT,XTZ/USDT,2.11025841507272,0.7493579393791739
0,28,-0.15997660186590748,58.86,-11.71,ALGO/USDT,SOL/USDT,0.0092005930185,0.6882881220943843
0,27,-0.26010606847177553,63.31,-24.07,CELR/USDT,XVG/USDT,4.680812326314617,0.6646541263733282
0,28,-0.5272001028249146,189.8,-74.05,COTI/USDT,RUNE/USDT,0.0419740249226767,0.6645730291860744
